timestamp,city,temperature,description
2026-03-17T14:37:06.801Z,Tokyo,10.64,broken clouds
2026-05-12T11:38:01.222Z,London,15.7,scattered clouds
2026-05-12T11:38:38.792Z,London,15.7,scattered clouds
2026-05-12T14:36:25.680Z,London,15.91,overcast clouds
2026-05-12T17:56:40.120Z,London,14.65,broken clouds
2026-05-12T19:53:35.847Z,London,13.13,few clouds
2026-05-12T21:16:31.651Z,London,11.81,scattered clouds
2026-05-12T22:57:16.435Z,London,9.96,scattered clouds
2026-05-13T02:47:01.963Z,London,9.04,scattered clouds
2026-05-13T06:45:45.354Z,London,10.01,few clouds
2026-05-13T10:23:04.755Z,London,9.01,broken clouds
2026-05-13T14:26:00.430Z,London,11.2,overcast clouds
2026-05-13T17:58:44.006Z,London,9.64,moderate rain
2026-05-13T20:03:00.195Z,London,8.2,broken clouds
2026-05-13T23:03:32.436Z,London,7.29,scattered clouds
2026-05-14T02:48:30.143Z,London,7.19,broken clouds
2026-05-14T06:44:14.874Z,London,7.85,overcast clouds
2026-05-14T10:12:09.165Z,London,10.89,broken clouds
2026-05-14T14:02:17.598Z,London,12.09,broken clouds
2026-05-14T17:47:06.586Z,London,10.87,broken clouds
2026-05-14T19:42:25.448Z,London,9.45,overcast clouds
2026-05-14T21:07:18.300Z,London,8.52,broken clouds
2026-05-14T22:53:53.626Z,London,7.68,scattered clouds
2026-05-15T02:49:20.363Z,London,6.71,overcast clouds
2026-05-15T06:53:10.090Z,London,8.22,scattered clouds
2026-05-15T10:19:44.759Z,London,11.35,few clouds
2026-05-15T13:59:44.896Z,London,13.35,scattered clouds
2026-05-15T16:07:16.134Z,London,14.23,overcast clouds
2026-05-15T19:26:11.017Z,London,12.52,overcast clouds
2026-05-15T20:57:14.694Z,London,10.59,overcast clouds
2026-05-15T22:52:37.846Z,London,8.29,overcast clouds
2026-05-16T02:37:31.003Z,London,6.49,clear sky
2026-05-16T06:19:28.007Z,London,7.48,clear sky
2026-05-16T09:27:46.028Z,London,12.51,broken clouds
2026-05-16T11:00:10.782Z,London,13.47,broken clouds
2026-05-16T13:15:17.562Z,London,14.37,overcast clouds
2026-05-16T14:53:33.071Z,London,14.28,overcast clouds
2026-05-16T16:55:55.309Z,London,13.49,light rain
2026-05-16T18:59:30.176Z,London,12.07,light rain
2026-05-16T20:41:50.714Z,London,11.56,broken clouds
2026-05-16T22:41:22.251Z,London,11.36,few clouds
2026-05-17T02:46:10.923Z,London,10.65,overcast clouds
2026-05-17T06:42:15.741Z,London,10.41,broken clouds
2026-05-17T09:44:31.853Z,London,14.12,few clouds
2026-05-17T11:02:17.561Z,London,14.92,few clouds
2026-05-17T13:13:29.204Z,London,16.84,overcast clouds
2026-05-17T14:53:30.888Z,London,16.98,overcast clouds
2026-05-17T16:54:34.381Z,London,15.22,light rain
2026-05-17T19:04:24.648Z,London,12.45,broken clouds
2026-05-17T20:44:37.826Z,London,11.32,overcast clouds
2026-05-17T22:50:51.004Z,London,9.56,overcast clouds
2026-05-18T02:56:29.250Z,London,8.33,overcast clouds
2026-05-18T07:59:07.081Z,London,11.87,broken clouds
2026-05-18T11:50:34.445Z,London,13.81,broken clouds
2026-05-18T15:23:10.780Z,London,13.81,light rain
2026-05-18T18:02:56.467Z,London,13.5,few clouds
2026-05-18T19:48:28.793Z,London,12.76,scattered clouds
2026-05-18T21:08:16.677Z,London,12.33,broken clouds
2026-05-18T22:58:07.325Z,London,11.74,light rain
2026-05-19T02:52:53.667Z,London,11.3,broken clouds
2026-05-19T07:42:48.963Z,London,12.35,drizzle rain
2026-05-19T10:59:25.631Z,London,16.31,broken clouds
2026-05-19T14:53:52.931Z,London,16.36,broken clouds
2026-05-19T18:03:18.705Z,London,16.26,broken clouds
2026-05-19T21:16:53.115Z,London,14.13,few clouds
2026-05-19T23:00:31.410Z,London,13.55,few clouds
2026-05-20T02:53:16.810Z,London,13.05,few clouds
2026-05-20T07:40:33.618Z,London,14.12,broken clouds
2026-05-20T10:48:02.698Z,London,17.8,broken clouds
2026-05-20T14:55:31.594Z,London,19.58,scattered clouds
2026-05-20T18:13:42.689Z,London,17.74,broken clouds
2026-05-20T21:49:18.711Z,London,15.32,broken clouds
2026-05-20T23:09:37.039Z,London,14.48,broken clouds
2026-05-21T02:56:49.633Z,London,12.31,broken clouds
2026-05-21T07:46:33.617Z,London,15.74,broken clouds
2026-05-21T11:19:07.782Z,London,19.36,scattered clouds
2026-05-21T14:58:46.616Z,London,23.67,overcast clouds
2026-05-21T17:54:13.683Z,London,22.63,scattered clouds
2026-05-21T19:49:31.022Z,London,20.78,broken clouds
2026-05-21T21:24:44.876Z,London,18.47,overcast clouds
2026-05-21T23:00:24.728Z,London,15.64,overcast clouds
2026-05-22T02:56:34.615Z,London,14.99,clear sky
2026-05-22T07:41:02.466Z,London,20.77,few clouds
2026-05-22T10:47:12.615Z,London,25.59,broken clouds
2026-05-22T14:32:10.717Z,London,27.67,overcast clouds
2026-05-22T17:48:55.742Z,London,26.47,broken clouds
2026-05-22T19:40:18.467Z,London,24.4,few clouds
2026-05-22T21:07:20.756Z,London,20.9,scattered clouds
2026-05-22T22:55:02.635Z,London,19.74,scattered clouds
2026-05-23T02:42:01.990Z,London,19.03,overcast clouds
2026-05-23T06:31:42.460Z,London,19.69,broken clouds
2026-05-23T09:48:50.988Z,London,24.94,scattered clouds
2026-05-23T11:07:54.039Z,London,26.86,scattered clouds
2026-05-23T13:17:55.128Z,London,28.69,few clouds
2026-05-23T14:57:48.624Z,London,29.13,scattered clouds
2026-05-23T16:56:07.227Z,London,28.79,broken clouds
2026-05-23T19:05:01.996Z,London,26.91,scattered clouds
2026-05-23T20:45:10.964Z,London,21.78,broken clouds
2026-05-23T22:49:43.241Z,London,18.54,broken clouds
2026-05-24T02:53:49.647Z,London,15.78,few clouds
2026-05-24T06:56:42.328Z,London,17.98,broken clouds
2026-05-24T09:51:35.370Z,London,24.91,broken clouds
2026-05-24T11:13:28.045Z,London,27.87,broken clouds
2026-05-24T13:18:35.722Z,London,29.55,scattered clouds
2026-05-24T15:00:30.719Z,London,30.98,few clouds
2026-05-24T16:57:23.429Z,London,29.53,few clouds
2026-05-24T19:12:38.100Z,London,25.37,clear sky
2026-05-24T20:51:26.787Z,London,22.72,clear sky
2026-05-24T22:54:57.979Z,London,20.97,clear sky
2026-05-25T03:29:31.632Z,London,17.09,clear sky
2026-05-25T08:17:49.987Z,London,24.86,clear sky
2026-05-25T12:58:54.893Z,London,32.26,clear sky
2026-05-25T16:20:50.484Z,London,32.3,clear sky
2026-05-25T19:24:46.023Z,London,28.16,clear sky
2026-05-25T21:02:27.526Z,London,25.12,clear sky
2026-05-25T22:58:03.484Z,London,22.02,clear sky
2026-05-26T02:49:53.826Z,London,18.25,clear sky
2026-05-26T07:41:44.093Z,London,25.4,clear sky
2026-05-26T15:00:15.975Z,London,34.01,clear sky
2026-05-26T18:23:13.778Z,London,31.72,clear sky
2026-05-26T21:41:18.467Z,London,25.25,clear sky
2026-05-26T23:06:20.151Z,London,24.13,clear sky
2026-05-27T03:27:38.013Z,London,18.9,clear sky
2026-05-27T07:59:29.950Z,London,20.43,clear sky
2026-05-27T15:32:25.469Z,London,24.84,clear sky
2026-05-27T18:23:55.182Z,London,20.85,clear sky
2026-05-27T21:51:55.939Z,London,16.56,clear sky
2026-05-27T23:14:28.308Z,London,15.57,clear sky
2026-05-28T02:48:31.127Z,London,15.26,broken clouds
2026-05-28T07:54:30.114Z,London,19.92,clear sky
2026-05-28T11:35:47.874Z,London,28.84,scattered clouds
2026-05-28T15:43:37.180Z,London,30.81,overcast clouds
2026-05-28T18:34:09.814Z,London,28.57,overcast clouds
2026-05-28T21:53:13.249Z,London,24.24,overcast clouds
2026-05-28T23:13:00.700Z,London,23.36,overcast clouds
2026-05-29T02:52:11.166Z,London,19.6,overcast clouds
2026-05-29T07:52:21.014Z,London,19.75,overcast clouds
2026-05-29T11:25:01.893Z,London,23.18,overcast clouds
2026-05-29T14:56:53.259Z,London,24.56,overcast clouds
2026-05-29T18:29:50.557Z,London,24.62,overcast clouds
2026-05-29T21:50:33.244Z,London,19.39,scattered clouds
2026-05-29T23:09:24.370Z,London,17.85,scattered clouds
2026-05-30T02:45:41.903Z,London,16.19,scattered clouds
2026-05-30T06:43:15.534Z,London,18.27,overcast clouds
2026-05-30T09:56:47.550Z,London,24.76,overcast clouds
2026-05-30T11:20:49.821Z,London,26.07,overcast clouds
2026-05-30T13:22:00.799Z,London,28.53,overcast clouds
2026-05-30T15:03:43.489Z,London,28.01,overcast clouds
2026-05-30T16:59:17.027Z,London,26.93,overcast clouds
2026-05-30T19:07:29.062Z,London,24.04,overcast clouds
2026-05-30T20:52:07.125Z,London,21.25,overcast clouds
2026-05-30T22:55:32.531Z,London,20.01,overcast clouds
2026-05-31T03:28:21.283Z,London,15.85,overcast clouds
2026-05-31T07:42:40.938Z,London,17.89,overcast clouds
2026-05-31T10:12:02.529Z,London,20.1,scattered clouds
2026-05-31T13:28:55.736Z,London,22.81,overcast clouds
2026-05-31T15:15:58.231Z,London,22.83,overcast clouds
2026-05-31T17:02:49.813Z,London,22.06,overcast clouds
2026-05-31T19:11:59.793Z,London,20.91,scattered clouds
2026-05-31T20:55:14.276Z,London,19.34,few clouds
2026-05-31T22:57:25.858Z,London,16.43,clear sky
2026-06-01T03:40:06.751Z,London,14.06,scattered clouds
2026-06-01T09:22:32.984Z,London,18.95,broken clouds
2026-06-01T15:53:14.828Z,London,20.98,broken clouds
2026-06-01T20:14:44.589Z,London,17.4,light rain
2026-06-01T23:25:21.290Z,London,16.52,light rain
2026-06-02T03:36:55.145Z,London,15.14,moderate rain
2026-06-02T08:25:51.573Z,London,15.17,heavy intensity rain
2026-06-02T13:59:13.115Z,London,18.05,broken clouds
2026-06-02T18:08:25.372Z,London,15.18,broken clouds
2026-06-02T22:21:06.441Z,London,14.77,scattered clouds
2026-06-03T03:43:28.981Z,London,13.14,broken clouds
2026-06-03T08:51:49.598Z,London,15.46,overcast clouds
2026-06-03T14:25:57.476Z,London,16.94,overcast clouds
2026-06-03T19:45:35.346Z,London,16.13,broken clouds
2026-06-03T22:26:56.199Z,London,14.99,broken clouds
2026-06-04T03:39:29.854Z,London,13.57,overcast clouds
2026-06-04T08:17:33.935Z,London,15.45,overcast clouds
2026-06-04T12:42:34.260Z,London,15.94,overcast clouds
2026-06-04T16:51:59.407Z,London,18.6,broken clouds
2026-06-04T20:01:07.973Z,London,15.85,scattered clouds
2026-06-04T23:06:24.706Z,London,14.13,scattered clouds
2026-06-05T03:26:51.238Z,London,12.36,few clouds
2026-06-05T08:03:45.528Z,London,14.92,scattered clouds
2026-06-05T12:33:59.012Z,London,18.05,overcast clouds
2026-06-05T16:28:30.906Z,London,17.88,overcast clouds
2026-06-05T19:49:45.927Z,London,15.36,overcast clouds
2026-06-05T21:22:37.459Z,London,13.76,overcast clouds
2026-06-05T23:04:35.641Z,London,12.8,overcast clouds
2026-06-06T02:48:29.755Z,London,13.04,overcast clouds
2026-06-06T06:50:01.818Z,London,13.12,light rain
2026-06-06T10:00:58.058Z,London,14.1,light rain
2026-06-06T13:24:33.133Z,London,14.93,moderate rain
2026-06-06T15:11:47.317Z,London,15.18,moderate rain
2026-06-06T17:08:29.960Z,London,14.76,overcast clouds
2026-06-06T19:16:47.265Z,London,13.94,light rain
2026-06-06T21:00:39.428Z,London,13.96,overcast clouds
2026-06-06T22:59:39.546Z,London,13.94,overcast clouds
2026-06-07T03:32:07.257Z,London,11.26,scattered clouds
2026-06-07T07:51:41.497Z,London,14.84,broken clouds
2026-06-07T10:26:09.725Z,London,17.44,broken clouds
2026-06-07T13:45:23.384Z,London,18.36,overcast clouds
2026-06-07T15:22:06.570Z,London,19.04,overcast clouds
2026-06-07T17:12:07.638Z,London,17.79,overcast clouds
2026-06-07T19:17:17.258Z,London,16.58,overcast clouds
2026-06-07T21:08:30.955Z,London,15.5,overcast clouds
2026-06-07T23:01:52.469Z,London,15.18,overcast clouds
2026-06-08T03:37:47.388Z,London,13.94,overcast clouds
2026-06-08T08:51:16.471Z,London,14.91,moderate rain
2026-06-08T14:03:48.530Z,London,15.27,overcast clouds
2026-06-08T18:23:16.508Z,London,15.89,scattered clouds
2026-06-08T21:47:44.157Z,London,12.78,few clouds
2026-06-08T23:10:10.087Z,London,11.5,few clouds
2026-06-09T02:47:25.731Z,London,9.46,clear sky
2026-06-09T07:43:24.352Z,London,13.46,scattered clouds
2026-06-09T10:57:26.749Z,London,15.54,broken clouds
2026-06-09T14:41:58.590Z,London,18.95,broken clouds
2026-06-09T17:59:31.952Z,London,18.16,broken clouds
2026-06-09T20:17:02.981Z,London,15.47,clear sky
2026-06-09T23:15:42.332Z,London,12.63,clear sky
2026-06-10T03:23:45.539Z,London,10.21,broken clouds
2026-06-10T08:04:08.163Z,London,12.9,overcast clouds
2026-06-10T12:53:53.489Z,London,13.69,light rain
2026-06-10T16:56:32.747Z,London,14.92,moderate rain
2026-06-10T20:25:30.696Z,London,11.54,few clouds
2026-06-10T23:23:14.091Z,London,11.2,few clouds
2026-06-11T03:35:45.549Z,London,9.25,overcast clouds
2026-06-11T08:42:24.639Z,London,13.25,light rain
2026-06-11T13:56:27.495Z,London,13.03,light rain
2026-06-11T17:36:53.218Z,London,15.42,overcast clouds
2026-06-11T20:16:18.121Z,London,16.43,overcast clouds
2026-06-11T23:18:42.374Z,London,16,overcast clouds
2026-06-12T03:35:36.848Z,London,15.94,overcast clouds
2026-06-12T08:21:57.563Z,London,16.73,overcast clouds
2026-06-12T12:52:08.640Z,London,20.56,overcast clouds
2026-06-12T16:42:18.548Z,London,22.18,broken clouds
2026-06-12T20:05:29.808Z,London,18.05,scattered clouds
2026-06-12T23:13:59.649Z,London,14.56,scattered clouds
2026-06-13T03:23:01.467Z,London,12.56,scattered clouds
2026-06-13T07:42:47.667Z,London,15.39,clear sky
2026-06-13T10:25:14.830Z,London,17.45,few clouds
2026-06-13T13:52:16.057Z,London,21.02,broken clouds
2026-06-13T15:40:52.499Z,London,22.1,broken clouds
2026-06-13T17:19:19.692Z,London,21.67,broken clouds
2026-06-13T19:20:17.985Z,London,19.4,scattered clouds
2026-06-13T21:11:55.341Z,London,17.19,broken clouds
2026-06-13T23:01:10.148Z,London,14.92,overcast clouds
2026-06-14T03:39:03.587Z,London,12.16,broken clouds
2026-06-14T08:13:00.630Z,London,16.21,few clouds
2026-06-14T11:54:17.203Z,London,19.92,scattered clouds
2026-06-14T13:54:43.750Z,London,21,overcast clouds
2026-06-14T15:47:33.672Z,London,21.25,overcast clouds
2026-06-14T17:17:16.191Z,London,20.93,overcast clouds
2026-06-14T19:21:16.332Z,London,19.39,overcast clouds
2026-06-14T21:07:59.513Z,London,17.96,overcast clouds
2026-06-14T23:05:19.981Z,London,16.22,overcast clouds
2026-06-15T03:53:44.730Z,London,13.4,light rain
2026-06-15T10:21:17.815Z,London,17.27,overcast clouds
2026-06-15T17:09:58.421Z,London,21.5,overcast clouds
2026-06-15T20:51:39.309Z,London,16.58,overcast clouds
2026-06-15T23:43:10.855Z,London,15.69,light rain
2026-06-16T03:42:12.178Z,London,14.81,overcast clouds
2026-06-16T09:22:57.707Z,London,20,few clouds
2026-06-16T15:02:04.360Z,London,26.55,overcast clouds
2026-06-16T19:30:31.702Z,London,21.58,overcast clouds
2026-06-16T22:08:20.752Z,London,19.03,overcast clouds
2026-06-17T03:42:39.276Z,London,17.46,overcast clouds
2026-06-17T09:00:03.940Z,London,18.79,broken clouds
2026-06-17T13:39:31.696Z,London,25.35,overcast clouds
2026-06-17T16:53:17.211Z,London,23.96,overcast clouds
2026-06-17T20:08:20.547Z,London,21.17,broken clouds
2026-06-17T23:20:23.043Z,London,18.74,scattered clouds
2026-06-18T03:34:53.378Z,London,17.05,broken clouds
2026-06-18T08:42:35.741Z,London,19.59,overcast clouds
2026-06-18T12:48:44.287Z,London,25.67,overcast clouds
2026-06-18T16:54:30.766Z,London,23.6,overcast clouds
2026-06-18T20:21:47.512Z,London,22.56,scattered clouds
2026-06-18T23:42:23.193Z,London,19.41,few clouds
2026-06-19T03:57:01.587Z,London,16.51,clear sky
2026-06-19T09:05:58.010Z,London,24.41,clear sky
2026-06-19T13:32:56.046Z,London,29.88,overcast clouds
2026-06-19T16:30:37.277Z,London,28.99,broken clouds
2026-06-19T19:44:58.133Z,London,25.32,clear sky
2026-06-19T21:06:24.312Z,London,22.9,clear sky
2026-06-19T22:53:13.296Z,London,20.72,clear sky
2026-06-20T02:57:56.692Z,London,17.75,overcast clouds
2026-06-20T07:47:13.592Z,London,20,broken clouds
2026-06-20T10:29:41.899Z,London,23.13,broken clouds
2026-06-20T13:54:15.588Z,London,25.34,overcast clouds
2026-06-20T15:44:14.238Z,London,24.72,overcast clouds
2026-06-20T17:22:48.318Z,London,24.65,overcast clouds
2026-06-20T19:20:05.290Z,London,24.32,overcast clouds
2026-06-20T21:13:38.524Z,London,21.68,scattered clouds
2026-06-20T23:04:04.352Z,London,20.22,scattered clouds
2026-06-21T03:46:11.653Z,London,17.57,scattered clouds
2026-06-21T08:26:38.685Z,London,24.6,broken clouds
2026-06-21T12:09:17.528Z,London,29.04,overcast clouds
2026-06-21T15:49:03.966Z,London,29.01,overcast clouds
2026-06-21T17:25:07.024Z,London,27.7,overcast clouds
2026-06-21T19:25:23.001Z,London,24.26,scattered clouds
2026-06-21T21:10:44.679Z,London,21.47,few clouds
2026-06-21T23:09:02.310Z,London,19.92,few clouds
2026-06-22T03:52:34.480Z,London,17.12,broken clouds
2026-06-22T09:45:51.833Z,London,23.2,overcast clouds
2026-06-22T15:21:56.097Z,London,27.46,few clouds
2026-06-22T19:22:30.699Z,London,22.76,overcast clouds
2026-06-22T22:00:09.228Z,London,20.41,light rain
2026-06-22T23:38:48.338Z,London,19.61,overcast clouds
2026-06-23T02:52:11.419Z,London,18.47,broken clouds
2026-06-23T07:43:56.468Z,London,21.3,few clouds
2026-06-23T10:59:01.842Z,London,28.88,few clouds
2026-06-23T14:41:12.979Z,London,33.21,few clouds
2026-06-23T17:49:21.453Z,London,33,clear sky
2026-06-23T19:57:07.055Z,London,28.46,clear sky
2026-06-23T21:43:26.617Z,London,25.38,clear sky
2026-06-23T23:05:45.012Z,London,24.72,clear sky
2026-06-24T02:52:57.877Z,London,21.47,clear sky
2026-06-24T07:36:22.415Z,London,26.61,clear sky
2026-06-24T10:45:27.047Z,London,32.15,clear sky
2026-06-24T14:23:15.427Z,London,35.07,clear sky
2026-06-24T17:51:15.361Z,London,33.01,clear sky
2026-06-24T19:41:36.135Z,London,29.28,clear sky
2026-06-24T21:20:14.075Z,London,26.8,clear sky
2026-06-24T23:01:33.999Z,London,24.49,clear sky
2026-06-25T02:52:21.674Z,London,21.19,clear sky
2026-06-25T07:39:11.373Z,London,24.38,clear sky
2026-06-25T10:38:59.767Z,London,30.22,clear sky
2026-06-25T14:24:15.264Z,London,32.01,few clouds
2026-06-25T18:07:00.801Z,London,28.81,clear sky
2026-06-25T21:28:54.768Z,London,24.31,scattered clouds
2026-06-25T23:14:43.682Z,London,22.97,scattered clouds
2026-06-26T02:58:04.706Z,London,22.61,overcast clouds
2026-06-26T07:47:33.105Z,London,29.12,overcast clouds
2026-06-26T10:47:45.623Z,London,34.09,scattered clouds
2026-06-26T14:16:30.797Z,London,35.37,few clouds
2026-06-26T17:44:03.242Z,London,33.34,few clouds
2026-06-26T19:42:39.576Z,London,29.92,broken clouds
2026-06-26T21:15:52.157Z,London,27.19,clear sky
2026-06-26T23:02:50.782Z,London,24.9,scattered clouds
2026-06-27T02:47:30.199Z,London,21.64,overcast clouds
2026-06-27T06:49:59.279Z,London,21.54,clear sky
2026-06-27T10:03:21.990Z,London,27.24,scattered clouds
2026-06-27T13:25:16.526Z,London,30.68,overcast clouds
2026-06-27T15:13:19.159Z,London,29.8,overcast clouds
2026-06-27T17:05:58.952Z,London,28.11,overcast clouds
2026-06-27T19:15:14.144Z,London,26.43,overcast clouds
2026-06-27T20:58:39.821Z,London,23.65,overcast clouds
2026-06-27T22:59:18.471Z,London,21.87,broken clouds
2026-06-28T03:27:56.880Z,London,20.23,clear sky
2026-06-28T07:47:33.613Z,London,21.57,broken clouds
2026-06-28T10:24:42.650Z,London,23.28,broken clouds
2026-06-28T13:28:58.984Z,London,24.74,overcast clouds
2026-06-28T15:15:23.547Z,London,25.8,broken clouds
2026-06-28T17:05:00.297Z,London,24.46,broken clouds
2026-06-28T19:13:38.429Z,London,21.99,overcast clouds
2026-06-28T20:57:27.076Z,London,19.65,overcast clouds
2026-06-28T22:59:02.827Z,London,17.94,broken clouds
2026-06-29T03:33:03.071Z,London,13.69,clear sky
2026-06-29T08:55:35.436Z,London,19.51,clear sky
2026-06-29T14:01:29.797Z,London,23.31,broken clouds
2026-06-29T18:06:46.838Z,London,22.46,broken clouds
2026-06-29T21:22:37.953Z,London,19.59,overcast clouds
2026-06-29T22:52:57.299Z,London,18.6,overcast clouds
2026-06-30T02:56:47.984Z,London,17.65,overcast clouds
2026-06-30T07:50:33.948Z,London,18.27,light rain
2026-06-30T10:54:02.778Z,London,20.26,overcast clouds
2026-06-30T14:11:02.085Z,London,23.65,broken clouds
2026-06-30T17:50:05.119Z,London,23.29,broken clouds
2026-06-30T19:49:58.090Z,London,21.29,overcast clouds
2026-06-30T21:25:05.625Z,London,20.12,broken clouds
2026-06-30T23:07:54.793Z,London,18.66,scattered clouds
2026-07-01T03:28:22.081Z,London,16.6,clear sky
2026-07-01T08:08:14.351Z,London,19.97,clear sky
2026-07-01T12:31:25.240Z,London,24.14,few clouds
2026-07-01T16:24:10.414Z,London,26.02,broken clouds
2026-07-01T19:48:51.361Z,London,23.71,broken clouds
2026-07-01T21:24:24.642Z,London,21.41,overcast clouds
2026-07-01T23:11:02.441Z,London,18.98,broken clouds
2026-07-02T02:53:30.218Z,London,16.73,few clouds
2026-07-02T07:27:42.357Z,London,19.9,overcast clouds
2026-07-02T10:34:28.114Z,London,23.81,broken clouds
2026-07-02T13:50:50.864Z,London,25.84,clear sky
2026-07-02T16:03:17.527Z,London,26.24,clear sky
2026-07-02T19:18:58.107Z,London,22.72,clear sky
2026-07-02T21:00:51.826Z,London,19.27,clear sky
2026-07-02T23:01:05.506Z,London,16.63,clear sky
2026-07-03T02:36:46.006Z,London,12.9,scattered clouds
2026-07-03T06:58:23.697Z,London,16.61,overcast clouds
2026-07-03T10:31:58.742Z,London,21.61,overcast clouds
2026-07-03T13:55:00.998Z,London,25.57,overcast clouds
2026-07-03T15:51:19.366Z,London,26.95,overcast clouds
2026-07-03T17:21:12.462Z,London,27.44,overcast clouds
2026-07-03T19:14:33.701Z,London,25.09,few clouds
2026-07-03T21:00:52.355Z,London,22.38,clear sky
2026-07-03T22:58:17.891Z,London,20.45,clear sky
2026-07-04T02:33:50.424Z,London,17,clear sky
2026-07-04T06:44:10.776Z,London,16.86,clear sky
2026-07-04T10:05:26.583Z,London,22.23,clear sky
2026-07-04T13:16:33.474Z,London,26.18,clear sky
2026-07-04T15:02:12.988Z,London,28.01,clear sky
2026-07-04T17:00:19.982Z,London,28.2,few clouds
2026-07-04T19:05:12.838Z,London,25.56,few clouds
2026-07-04T20:52:30.808Z,London,23.28,broken clouds
2026-07-04T22:55:11.433Z,London,20.63,broken clouds
2026-07-05T02:43:50.109Z,London,17.26,scattered clouds
2026-07-05T07:21:56.381Z,London,18.82,overcast clouds
2026-07-05T10:08:04.541Z,London,21.82,overcast clouds
2026-07-05T13:23:15.243Z,London,26.24,scattered clouds
2026-07-05T15:10:12.379Z,London,28.47,broken clouds
2026-07-05T17:05:02.314Z,London,29.43,broken clouds
2026-07-05T19:11:26.653Z,London,27.17,overcast clouds
2026-07-05T20:55:17.936Z,London,24.95,overcast clouds
2026-07-05T22:58:18.579Z,London,22.85,overcast clouds
2026-07-06T02:49:36.440Z,London,19.02,broken clouds
2026-07-06T08:16:14.016Z,London,23.15,clear sky
2026-07-06T13:41:35.330Z,London,31.59,scattered clouds
2026-07-06T16:49:59.426Z,London,31.68,scattered clouds
2026-07-06T19:50:42.967Z,London,27.74,overcast clouds
2026-07-06T21:25:35.907Z,London,26.1,overcast clouds
2026-07-06T23:03:17.800Z,London,24.58,overcast clouds
2026-07-07T02:44:26.355Z,London,21.14,broken clouds
2026-07-07T07:34:15.076Z,London,21.56,overcast clouds
2026-07-07T10:51:58.034Z,London,27.55,overcast clouds
2026-07-07T14:23:35.666Z,London,31.17,overcast clouds
2026-07-07T17:55:51.227Z,London,30.95,overcast clouds
2026-07-07T19:52:19.804Z,London,28.57,broken clouds
2026-07-07T21:20:24.467Z,London,25.86,overcast clouds
2026-07-07T22:57:24.275Z,London,24.3,broken clouds
2026-07-08T02:22:59.598Z,London,20.9,clear sky
2026-07-08T06:24:41.042Z,London,21.19,clear sky
2026-07-08T10:12:38.541Z,London,28.09,clear sky
2026-07-08T13:54:30.937Z,London,32.25,clear sky
2026-07-08T16:00:25.893Z,London,33.36,clear sky
2026-07-08T19:19:38.321Z,London,30.58,scattered clouds
2026-07-08T21:03:37.204Z,London,26.92,scattered clouds
2026-07-08T23:02:14.889Z,London,24.35,scattered clouds
2026-07-09T02:36:43.456Z,London,21.66,clear sky
2026-07-09T07:34:00.301Z,London,25.02,clear sky
2026-07-09T10:55:51.551Z,London,31.92,scattered clouds
2026-07-09T14:49:33.817Z,London,34.41,overcast clouds
2026-07-09T17:51:37.956Z,London,32.72,overcast clouds
2026-07-09T19:39:07.144Z,London,30.28,overcast clouds
2026-07-09T21:19:33.198Z,London,27.54,overcast clouds
2026-07-09T23:07:46.794Z,London,25.25,overcast clouds
2026-07-10T02:38:47.655Z,London,22.27,overcast clouds
2026-07-10T07:31:50.772Z,London,24.44,broken clouds
2026-07-10T10:49:39.822Z,London,28.53,overcast clouds
2026-07-10T14:14:03.942Z,London,30.34,overcast clouds
2026-07-10T17:44:30.164Z,London,28.47,overcast clouds
2026-07-10T19:22:27.005Z,London,26.07,overcast clouds
2026-07-10T21:03:01.931Z,London,23.51,overcast clouds
2026-07-10T22:56:50.299Z,London,21.35,overcast clouds
2026-07-11T02:14:06.686Z,London,18.62,overcast clouds
2026-07-11T06:09:54.306Z,London,18.95,broken clouds
2026-07-11T09:24:14.877Z,London,25.25,clear sky
2026-07-11T11:01:14.857Z,London,27.28,clear sky
2026-07-11T13:10:00.482Z,London,28.67,clear sky
2026-07-11T14:49:00.382Z,London,29.22,clear sky
2026-07-11T16:53:00.087Z,London,28.94,clear sky
2026-07-11T18:56:31.950Z,London,25.8,clear sky
2026-07-11T20:42:11.604Z,London,22.66,clear sky
2026-07-11T22:42:42.203Z,London,19.2,clear sky
2026-07-12T02:24:53.755Z,London,16.68,clear sky
2026-07-12T06:29:35.597Z,London,17.87,scattered clouds
2026-07-12T09:47:35.026Z,London,24.21,clear sky
2026-07-12T11:07:54.666Z,London,27.45,clear sky
2026-07-12T13:11:42.022Z,London,29.44,clear sky
2026-07-12T14:52:38.750Z,London,29.42,clear sky
2026-07-12T16:55:23.443Z,London,28.47,clear sky
2026-07-12T19:00:00.044Z,London,25.01,clear sky
2026-07-12T20:40:29.633Z,London,22.05,clear sky
2026-07-12T22:42:29.251Z,London,19.29,clear sky
2026-07-13T02:26:19.851Z,London,15.53,clear sky
2026-07-13T06:49:53.683Z,London,18.08,overcast clouds
2026-07-13T10:56:17.533Z,London,24.51,broken clouds
2026-07-13T14:25:18.493Z,London,26.77,clear sky
2026-07-13T17:51:42.527Z,London,25.45,clear sky
2026-07-13T19:19:11.433Z,London,23.51,clear sky
2026-07-13T20:54:03.577Z,London,20.71,broken clouds
2026-07-13T22:52:56.812Z,London,18.54,broken clouds
2026-07-14T02:05:52.464Z,London,16.88,overcast clouds
2026-07-14T06:07:31.962Z,London,17.43,broken clouds
2026-07-14T09:54:13.885Z,London,22.54,scattered clouds
2026-07-14T11:23:21.844Z,London,25.69,scattered clouds
2026-07-14T13:27:28.311Z,London,28.52,clear sky
2026-07-14T15:21:06.323Z,London,29.33,clear sky
2026-07-14T17:11:16.639Z,London,29.3,clear sky
2026-07-14T19:13:27.980Z,London,26.6,broken clouds
2026-07-14T20:56:35.668Z,London,23.58,scattered clouds
2026-07-14T22:54:47.706Z,London,20.8,broken clouds
2026-07-15T02:03:35.604Z,London,17.7,clear sky
2026-07-15T06:10:53.626Z,London,18.28,few clouds
2026-07-15T09:58:20.802Z,London,24.48,clear sky
2026-07-15T11:37:51.139Z,London,25.87,clear sky
2026-07-15T13:28:25.959Z,London,27.98,clear sky
2026-07-15T15:23:41.999Z,London,28.47,clear sky
2026-07-15T17:13:49.164Z,London,27.67,clear sky
2026-07-15T19:04:54.902Z,London,25.52,clear sky
2026-07-15T20:56:26.481Z,London,22.69,clear sky
2026-07-15T22:55:34.236Z,London,19.75,clear sky
2026-07-16T02:12:37.392Z,London,16.64,clear sky
2026-07-16T06:13:19.028Z,London,17.09,clear sky
2026-07-16T10:04:28.343Z,London,24.66,clear sky
2026-07-16T13:41:56.683Z,London,28.93,clear sky
2026-07-16T15:36:21.536Z,London,28.1,clear sky
2026-07-16T17:11:10.944Z,London,26.88,clear sky
2026-07-16T19:03:37.447Z,London,24.47,clear sky
2026-07-16T20:53:20.532Z,London,22.41,clear sky
2026-07-16T22:54:04.061Z,London,19.41,clear sky
2026-07-17T02:21:04.317Z,London,16.12,clear sky
2026-07-17T06:12:13.332Z,London,14.82,clear sky
2026-07-17T09:53:12.475Z,London,22.56,clear sky
2026-07-17T11:18:35.251Z,London,26.36,clear sky
2026-07-17T13:19:43.358Z,London,28.34,clear sky
2026-07-17T15:10:12.404Z,London,28.47,scattered clouds
2026-07-17T17:08:07.919Z,London,28.5,scattered clouds
2026-07-17T19:01:20.612Z,London,26.09,clear sky
2026-07-17T20:50:01.122Z,London,21.86,clear sky
2026-07-17T22:44:30.274Z,London,19.04,clear sky
2026-07-18T02:05:06.516Z,London,17.4,clear sky
2026-07-18T06:01:31.847Z,London,16.31,scattered clouds
2026-07-18T09:19:53.671Z,London,19.4,clear sky
2026-07-18T10:59:03.897Z,London,21.41,clear sky
2026-07-18T13:05:42.346Z,London,22.7,few clouds
2026-07-18T14:47:57.375Z,London,23.42,broken clouds
2026-07-18T16:53:14.391Z,London,22.85,broken clouds
2026-07-18T18:57:41.937Z,London,20.34,broken clouds
2026-07-18T20:41:42.073Z,London,18.24,broken clouds
2026-07-18T22:43:46.574Z,London,16.3,scattered clouds
2026-07-19T02:22:07.233Z,London,13.96,clear sky
2026-07-19T06:26:37.124Z,London,13.92,clear sky
2026-07-19T09:48:35.752Z,London,18.58,scattered clouds
2026-07-19T11:07:02.311Z,London,20.41,scattered clouds
2026-07-19T13:09:04.140Z,London,22.13,overcast clouds
2026-07-19T14:51:31.563Z,London,23.49,scattered clouds
2026-07-19T16:54:13.422Z,London,22.66,scattered clouds
2026-07-19T19:00:40.922Z,London,20.23,clear sky
2026-07-19T20:41:28.374Z,London,17.7,clear sky
2026-07-19T22:46:59.620Z,London,15.55,clear sky
2026-07-20T02:37:34.448Z,London,12.17,overcast clouds
2026-07-20T06:41:55.938Z,London,14.06,broken clouds
2026-07-20T10:47:55.822Z,London,21.58,scattered clouds
2026-07-20T13:58:01.433Z,London,25.22,clear sky
2026-07-20T15:52:56.090Z,London,26.35,few clouds
2026-07-20T17:57:46.599Z,London,24.66,few clouds
2026-07-20T19:46:21.033Z,London,21.23,clear sky
2026-07-20T21:08:02.607Z,London,19,clear sky
2026-07-20T22:56:21.581Z,London,17.6,clear sky
2026-07-21T02:21:27.007Z,London,14.43,clear sky
2026-07-21T06:24:40.168Z,London,15.56,clear sky
2026-07-21T10:22:07.954Z,London,19.78,few clouds
2026-07-21T13:39:30.620Z,London,22.94,scattered clouds
2026-07-21T15:39:47.236Z,London,23.54,scattered clouds
2026-07-21T17:13:24.115Z,London,24.68,scattered clouds
2026-07-21T19:14:46.920Z,London,21.72,few clouds
2026-07-21T21:03:20.219Z,London,19.69,scattered clouds
2026-07-21T22:52:10.840Z,London,18.15,scattered clouds
2026-07-22T02:13:44.629Z,London,15.13,few clouds
2026-07-22T06:24:50.878Z,London,16.48,scattered clouds
2026-07-22T10:21:33.628Z,London,23.75,overcast clouds
2026-07-22T13:42:44.176Z,London,25.56,overcast clouds
2026-07-22T15:36:56.973Z,London,26.61,overcast clouds
2026-07-22T17:13:07.620Z,London,25.57,overcast clouds
2026-07-22T19:09:29.673Z,London,23.46,overcast clouds
2026-07-22T21:01:42.615Z,London,20.36,overcast clouds
2026-07-22T22:58:13.413Z,London,18.49,overcast clouds
2026-07-23T02:24:45.726Z,London,16.47,overcast clouds
2026-07-23T06:27:13.045Z,London,17.42,overcast clouds
2026-07-23T10:17:17.152Z,London,23.92,overcast clouds
2026-07-23T13:48:32.664Z,London,25.74,overcast clouds
2026-07-23T15:52:33.365Z,London,26.19,overcast clouds
2026-07-23T17:16:41.625Z,London,26.31,overcast clouds
2026-07-23T19:09:24.500Z,London,25.62,overcast clouds
2026-07-23T20:59:00.801Z,London,22.58,overcast clouds
2026-07-23T22:52:18.087Z,London,21.39,overcast clouds
2026-07-24T02:22:00.241Z,London,18.88,overcast clouds
2026-07-24T06:22:08.459Z,London,17.82,overcast clouds
2026-07-24T10:12:47.702Z,London,24.22,overcast clouds
2026-07-24T13:28:00.986Z,London,27.63,overcast clouds
2026-07-24T15:21:59.182Z,London,27.74,overcast clouds
2026-07-24T17:25:53.424Z,London,28.78,overcast clouds
2026-07-24T19:18:48.450Z,London,26.59,overcast clouds
2026-07-24T20:58:05.708Z,London,24.67,overcast clouds
2026-07-24T22:57:46.295Z,London,21.62,overcast clouds
2026-07-25T02:20:42.912Z,London,17.87,overcast clouds
2026-07-25T06:13:21.757Z,London,16.9,scattered clouds
2026-07-25T09:42:18.544Z,London,23.51,scattered clouds
2026-07-25T11:06:05.130Z,London,25.03,scattered clouds
2026-07-25T13:16:26.412Z,London,27.47,clear sky
2026-07-25T14:59:14.467Z,London,28.39,broken clouds
2026-07-25T16:52:41.391Z,London,28.81,broken clouds
2026-07-25T19:01:48.231Z,London,25.25,overcast clouds
2026-07-25T20:45:38.779Z,London,22.74,overcast clouds
2026-07-25T22:51:27.304Z,London,20.02,overcast clouds
2026-07-26T02:26:45.582Z,London,18.16,scattered clouds
2026-07-26T06:32:18.333Z,London,19.52,overcast clouds
2026-07-26T09:54:54.776Z,London,22.78,overcast clouds
2026-07-26T11:15:56.140Z,London,24.56,overcast clouds
2026-07-26T13:11:53.529Z,London,25.16,overcast clouds
2026-07-26T15:01:19.480Z,London,25.83,broken clouds
2026-07-26T16:54:58.610Z,London,24.94,scattered clouds
2026-07-26T19:04:25.753Z,London,22.68,overcast clouds
2026-07-26T20:54:02.124Z,London,20.15,scattered clouds
2026-07-26T22:56:40.748Z,London,18.37,few clouds
2026-07-27T02:34:17.556Z,London,16.58,clear sky
2026-07-27T07:25:20.468Z,London,18.15,clear sky
2026-07-27T11:15:52.554Z,London,22.46,clear sky
2026-07-27T14:24:20.918Z,London,25.78,clear sky
2026-07-27T17:38:48.950Z,London,27.39,clear sky
2026-07-27T19:21:14.788Z,London,25.24,few clouds
2026-07-27T21:06:09.323Z,London,23.41,broken clouds
2026-07-27T22:56:58.741Z,London,21.22,scattered clouds
2026-07-28T02:09:06.805Z,London,18.95,broken clouds
2026-07-28T06:22:56.665Z,London,19.03,scattered clouds
2026-07-28T10:30:30.203Z,London,24.24,overcast clouds
2026-07-28T13:56:09.788Z,London,28.69,scattered clouds
2026-07-28T16:04:16.370Z,London,29.53,broken clouds
2026-07-28T19:17:02.001Z,London,27.43,broken clouds
2026-07-28T21:03:39.573Z,London,24.38,broken clouds
2026-07-28T22:54:38.285Z,London,22.68,scattered clouds
2026-07-29T02:12:28.649Z,London,18.18,clear sky
2026-07-29T06:27:23.043Z,London,19.29,clear sky
2026-07-29T10:34:32.354Z,London,29.16,clear sky
2026-07-29T14:01:15.398Z,London,33.93,scattered clouds
2026-07-29T17:11:35.341Z,London,32.78,few clouds
2026-07-29T19:08:40.191Z,London,29.77,clear sky
2026-07-29T20:51:38.771Z,London,26.31,clear sky
2026-07-29T22:57:04.477Z,London,23.74,clear sky
2026-07-30T02:01:27.152Z,London,20.68,clear sky
2026-07-30T06:23:41.901Z,London,19.43,clear sky
2026-07-30T10:21:00.942Z,London,24.82,overcast clouds
2026-07-30T13:50:04.694Z,London,27.17,broken clouds
2026-07-30T15:49:01.552Z,London,27.19,broken clouds
2026-07-30T17:22:05.433Z,London,26.02,broken clouds
2026-07-30T19:19:26.868Z,London,24.27,overcast clouds
2026-07-30T21:04:05.110Z,London,21.68,overcast clouds
2026-07-30T23:01:35.211Z,London,20.21,overcast clouds
2026-07-31T02:27:32.540Z,London,18.65,overcast clouds
2026-07-31T06:40:14.869Z,London,17.2,few clouds
2026-07-31T10:34:24.120Z,London,22.42,scattered clouds
2026-07-31T13:55:51.078Z,London,25.53,clear sky
2026-07-31T16:00:02.002Z,London,26.68,clear sky
2026-07-31T17:47:02.984Z,London,25.99,clear sky
2026-07-31T19:18:26.652Z,London,23.73,clear sky
2026-07-31T21:00:48.607Z,London,20.59,clear sky
2026-07-31T22:56:12.310Z,London,18.77,scattered clouds
2026-08-01T02:28:11.885Z,London,16.78,overcast clouds
2026-08-01T06:24:42.740Z,London,15.58,scattered clouds
2026-08-01T09:54:40.225Z,London,22.4,clear sky
2026-08-01T11:13:13.142Z,London,23.46,clear sky
2026-08-01T13:10:34.148Z,London,25.74,clear sky
2026-08-01T14:56:39.830Z,London,26.43,clear sky
2026-08-01T16:55:14.568Z,London,26.43,scattered clouds
2026-08-01T19:02:55.979Z,London,24.37,overcast clouds
2026-08-01T20:46:12.465Z,London,20.82,overcast clouds
2026-08-01T22:53:28.073Z,London,19.15,overcast clouds
2026-08-02T02:25:29.995Z,London,16.04,overcast clouds
2026-08-02T06:29:21.756Z,London,15.99,broken clouds
2026-08-02T09:52:24.422Z,London,23.98,overcast clouds
2026-08-02T11:13:36.819Z,London,26.27,overcast clouds
2026-08-02T13:12:23.371Z,London,27.46,overcast clouds
2026-08-02T14:58:50.284Z,London,27.57,broken clouds
2026-08-02T16:54:33.237Z,London,26.57,broken clouds
2026-08-02T19:03:23.331Z,London,23.92,overcast clouds
2026-08-02T20:50:08.570Z,London,22.22,overcast clouds
2026-08-02T22:52:12.209Z,London,20.45,overcast clouds
2026-08-03T02:28:02.772Z,London,17.95,overcast clouds
2026-08-03T06:55:39.792Z,London,19.14,scattered clouds
2026-08-03T11:18:04.588Z,London,28.9,overcast clouds
2026-08-03T14:30:22.355Z,London,31.3,few clouds
2026-08-03T17:47:21.514Z,London,29.27,few clouds
2026-08-03T19:25:22.507Z,London,25.81,clear sky
2026-08-03T20:58:22.858Z,London,23.21,clear sky
2026-08-03T22:56:10.479Z,London,21.26,clear sky
2026-08-04T02:07:20.005Z,London,18.94,few clouds
2026-08-04T06:23:46.806Z,London,19.54,scattered clouds
2026-08-04T10:33:37.057Z,London,27.65,overcast clouds
2026-08-04T14:01:18.228Z,London,28.79,overcast clouds
2026-08-04T17:43:01.668Z,London,25.06,overcast clouds
2026-08-04T19:25:56.543Z,London,23.61,clear sky
2026-08-04T21:07:46.431Z,London,21.59,clear sky
2026-08-04T22:59:27.855Z,London,20.21,clear sky
2026-08-05T02:06:21.690Z,London,19.08,scattered clouds
2026-08-05T06:24:01.543Z,London,19.46,broken clouds
2026-08-05T10:30:13.977Z,London,22.94,light rain
2026-08-05T13:59:05.962Z,London,24.99,clear sky
2026-08-05T16:03:28.253Z,London,24.82,clear sky
2026-08-05T19:24:03.462Z,London,21.5,clear sky
2026-08-05T21:03:28.780Z,London,19.47,clear sky
2026-08-05T22:54:38.428Z,London,17.66,clear sky
2026-08-06T02:10:45.207Z,London,15.14,clear sky
2026-08-06T06:25:59.322Z,London,14.85,clear sky
2026-08-06T10:34:28.878Z,London,19.34,clear sky
2026-08-06T13:57:00.950Z,London,22.42,clear sky
2026-08-06T23:54:33.222Z,London,14.94,broken clouds
2026-08-07T02:28:15.743Z,London,12.62,few clouds
2026-08-07T05:37:02.133Z,London,12.75,few clouds
2026-08-07T07:08:34.991Z,London,16.17,clear sky
2026-08-07T08:54:22.300Z,London,20.56,clear sky
2026-08-07T10:48:24.533Z,London,22.76,clear sky
2026-08-07T12:54:07.703Z,London,24.84,clear sky
2026-08-07T14:49:34.070Z,London,26.04,clear sky
2026-08-07T16:50:07.368Z,London,26.32,clear sky
2026-08-07T18:50:06.046Z,London,24.14,clear sky
2026-08-07T20:36:12.856Z,London,20.83,clear sky
2026-08-07T22:30:22.701Z,London,18.53,scattered clouds
2026-08-08T01:16:33.246Z,London,15.62,scattered clouds
2026-08-08T03:21:13.147Z,London,14.46,scattered clouds
2026-08-08T04:51:54.999Z,London,12.96,scattered clouds
2026-08-08T06:43:41.031Z,London,17.57,few clouds
2026-08-08T08:35:25.807Z,London,21.57,scattered clouds
2026-08-08T10:27:12.225Z,London,25.03,broken clouds
2026-08-08T12:38:35.238Z,London,27.32,overcast clouds
2026-08-08T14:27:53.689Z,London,28.31,overcast clouds
2026-08-08T16:28:00.997Z,London,27.86,overcast clouds
2026-08-08T18:31:06.349Z,London,26.25,overcast clouds
2026-08-08T20:24:10.702Z,London,23.33,overcast clouds
2026-08-08T22:23:29.656Z,London,19.94,overcast clouds
2026-08-09T01:21:05.508Z,London,17.01,clear sky
2026-08-09T03:37:46.857Z,London,16.82,clear sky
2026-08-09T05:00:16.462Z,London,15.88,clear sky
2026-08-09T06:49:41.251Z,London,20.49,overcast clouds
2026-08-09T08:37:06.290Z,London,22.33,scattered clouds
2026-08-09T10:29:43.189Z,London,27.05,scattered clouds
2026-08-09T12:41:12.556Z,London,30.06,overcast clouds
2026-08-09T14:30:22.757Z,London,31.87,broken clouds
2026-08-09T16:28:53.891Z,London,32.21,broken clouds
2026-08-09T18:33:33.511Z,London,29.81,few clouds
2026-08-09T20:26:27.300Z,London,26.27,broken clouds
2026-08-09T22:25:31.357Z,London,24.14,broken clouds
2026-08-10T01:23:08.527Z,London,20.89,overcast clouds
2026-08-10T03:50:03.188Z,London,18.46,broken clouds
2026-08-10T05:22:10.780Z,London,17.83,broken clouds
2026-08-10T07:23:46.960Z,London,19.96,scattered clouds
2026-08-10T09:14:48.837Z,London,22.58,broken clouds
2026-08-10T11:03:58.527Z,London,24.21,broken clouds
2026-08-10T12:58:22.604Z,London,25.6,overcast clouds
2026-08-10T14:53:48.989Z,London,26.79,overcast clouds
2026-08-10T16:50:32.465Z,London,26.69,overcast clouds
2026-08-10T18:51:33.196Z,London,22.5,broken clouds
2026-08-10T20:37:02.970Z,London,19.74,overcast clouds
2026-08-10T22:32:50.136Z,London,18.21,broken clouds
2026-08-11T01:20:58.423Z,London,16.89,few clouds
2026-08-11T03:39:36.554Z,London,16.01,scattered clouds
2026-08-11T05:03:29.246Z,London,15.21,scattered clouds
2026-08-11T06:59:28.693Z,London,17.52,clear sky
2026-08-11T08:49:11.341Z,London,21.11,clear sky
2026-08-11T10:46:10.076Z,London,23.51,clear sky
2026-08-11T12:54:39.022Z,London,24.81,scattered clouds
2026-08-11T14:53:36.424Z,London,25.42,clear sky
2026-08-11T16:54:05.546Z,London,24.58,clear sky
2026-08-11T18:56:24.867Z,London,21.65,few clouds
2026-08-11T20:38:39.156Z,London,19.58,few clouds
2026-08-11T22:36:46.983Z,London,18.61,few clouds
2026-08-12T01:37:26.335Z,London,17.36,few clouds
2026-08-12T04:03:13.653Z,London,16.17,few clouds
2026-08-12T07:18:10.523Z,London,19.86,clear sky
2026-08-12T09:07:24.067Z,London,23.75,few clouds
2026-08-12T10:56:52.485Z,London,27.27,few clouds
2026-08-12T12:59:27.497Z,London,31.74,few clouds
2026-08-12T14:52:32.708Z,London,32.61,few clouds
2026-08-12T16:53:24.704Z,London,32.22,scattered clouds
2026-08-12T18:56:26.406Z,London,27.79,clear sky
2026-08-12T20:38:09.671Z,London,24.95,clear sky
2026-08-12T22:36:04.763Z,London,22.23,clear sky
2026-08-13T01:40:17.167Z,London,19.58,clear sky
2026-08-13T04:07:28.475Z,London,18.38,clear sky
2026-08-13T07:20:25.596Z,London,22.26,clear sky
2026-08-13T09:07:25.132Z,London,27.35,clear sky
2026-08-13T10:57:52.169Z,London,33.11,clear sky
2026-08-13T13:00:24.435Z,London,35.62,clear sky
2026-08-13T14:52:49.255Z,London,36.15,clear sky
2026-08-13T16:52:43.821Z,London,35.87,clear sky
2026-08-13T18:58:01.195Z,London,32.14,clear sky
2026-08-13T20:37:12.158Z,London,27.26,clear sky
2026-08-13T22:36:43.524Z,London,24.37,clear sky
2026-08-14T01:38:22.841Z,London,22.78,broken clouds
2026-08-14T04:03:57.944Z,London,20.72,scattered clouds
2026-08-14T07:18:16.254Z,London,22.9,clear sky
2026-08-14T09:03:38.702Z,London,26.57,clear sky
2026-08-14T10:54:37.533Z,London,30.37,clear sky
2026-08-14T12:56:39.530Z,London,33.04,overcast clouds
2026-08-14T14:46:21.229Z,London,34.48,broken clouds
2026-08-14T16:48:36.862Z,London,34.26,scattered clouds
2026-08-14T18:47:11.072Z,London,31.82,few clouds
2026-08-14T20:26:12.946Z,London,28.6,few clouds
2026-08-14T22:18:02.266Z,London,24.42,broken clouds
2026-08-15T00:59:56.456Z,London,23.41,overcast clouds
2026-08-15T02:47:27.637Z,London,22.55,overcast clouds
2026-08-15T04:24:56.151Z,London,21.34,overcast clouds
2026-08-15T06:30:45.302Z,London,20.2,overcast clouds
2026-08-15T08:22:10.330Z,London,21.93,overcast clouds
2026-08-15T10:17:47.721Z,London,25.14,overcast clouds
2026-08-15T12:29:33.550Z,London,27.09,overcast clouds
2026-08-15T14:17:36.466Z,London,27.63,overcast clouds
2026-08-15T16:18:37.032Z,London,26.48,overcast clouds
2026-08-15T18:22:10.581Z,London,25.02,overcast clouds
2026-08-15T20:17:08.485Z,London,22.45,overcast clouds
2026-08-15T22:16:39.132Z,London,20.53,overcast clouds
2026-08-16T01:03:25.928Z,London,18.82,overcast clouds
2026-08-16T02:56:06.593Z,London,17.93,broken clouds
2026-08-16T04:30:56.410Z,London,16.96,broken clouds
2026-08-16T06:33:12.562Z,London,17.26,overcast clouds
2026-08-16T08:23:14.536Z,London,20.11,overcast clouds
2026-08-16T10:18:41.222Z,London,22.45,overcast clouds
2026-08-16T12:30:37.407Z,London,24.6,overcast clouds
2026-08-16T14:17:49.244Z,London,25.61,overcast clouds
2026-08-16T16:18:58.630Z,London,26.01,overcast clouds
2026-08-16T18:21:57.495Z,London,25.51,overcast clouds
2026-08-16T20:16:29.921Z,London,23.49,overcast clouds
2026-08-16T22:15:57.514Z,London,22.31,overcast clouds
2026-08-17T01:01:02.637Z,London,20.78,overcast clouds
2026-08-17T02:55:37.213Z,London,20.27,overcast clouds
2026-08-17T04:36:25.231Z,London,19.01,overcast clouds
2026-08-17T06:45:08.332Z,London,19.21,overcast clouds
2026-08-17T08:37:26.201Z,London,21.3,overcast clouds
2026-08-17T10:27:20.405Z,London,24.35,broken clouds
2026-08-17T12:35:31.930Z,London,25.69,broken clouds
2026-08-17T14:22:33.182Z,London,26.8,overcast clouds
2026-08-17T16:21:47.028Z,London,27.04,overcast clouds
2026-08-17T18:32:42.012Z,London,26.29,overcast clouds
2026-08-17T20:20:58.522Z,London,24.37,broken clouds
2026-08-17T22:19:24.597Z,London,23.02,broken clouds
2026-08-18T00:59:30.963Z,London,20.69,overcast clouds
2026-08-18T02:51:27.889Z,London,19.26,light rain
2026-08-18T04:31:01.033Z,London,18.57,overcast clouds
2026-08-18T06:35:50.631Z,London,19.51,overcast clouds
2026-08-18T08:30:58.687Z,London,20.48,overcast clouds
2026-08-18T10:23:09.382Z,London,21.97,overcast clouds
2026-08-18T12:36:46.500Z,London,24.15,overcast clouds
2026-08-18T14:28:32.300Z,London,25.55,overcast clouds
2026-08-18T16:25:53.461Z,London,24.78,overcast clouds
2026-08-18T18:31:38.237Z,London,23.5,overcast clouds
2026-08-18T20:18:22.824Z,London,22.32,overcast clouds
2026-08-18T22:18:05.895Z,London,21.06,overcast clouds
2026-08-19T01:00:11.997Z,London,18.73,overcast clouds
2026-08-19T02:52:44.835Z,London,17.23,light rain
2026-08-19T04:32:21.661Z,London,16.52,overcast clouds
2026-08-19T06:36:18.074Z,London,16.55,overcast clouds
2026-08-19T08:31:50.869Z,London,17.54,overcast clouds
2026-08-19T10:23:21.911Z,London,19.46,overcast clouds
2026-08-19T12:37:58.608Z,London,22.78,overcast clouds
2026-08-19T14:28:29.258Z,London,24.06,overcast clouds
2026-08-19T16:25:54.683Z,London,24.34,overcast clouds
2026-08-19T18:28:31.702Z,London,22.83,broken clouds
2026-08-19T20:21:19.610Z,London,20.3,scattered clouds
2026-08-19T22:19:42.162Z,London,18.06,scattered clouds
2026-08-20T01:00:04.632Z,London,16.57,clear sky
2026-08-20T02:52:16.707Z,London,16,clear sky
2026-08-20T04:32:35.645Z,London,16.14,clear sky
2026-08-20T06:38:10.309Z,London,16.37,few clouds
2026-08-20T08:33:04.930Z,London,18.93,clear sky
2026-08-20T10:24:32.010Z,London,21,few clouds
2026-08-20T12:39:17.791Z,London,21.78,overcast clouds
2026-08-20T14:31:29.761Z,London,23.3,overcast clouds
2026-08-20T16:29:29.680Z,London,21.72,overcast clouds
2026-08-20T18:32:50.154Z,London,18.47,overcast clouds
2026-08-20T20:22:55.050Z,London,17.22,overcast clouds
2026-08-20T22:22:00.088Z,London,16.22,overcast clouds
2026-08-21T01:03:18.890Z,London,15.47,few clouds
2026-08-21T02:58:06.076Z,London,14.59,few clouds
2026-08-21T04:33:20.829Z,London,14.29,few clouds
2026-08-21T06:38:25.014Z,London,14.31,few clouds
2026-08-21T08:35:15.294Z,London,16.66,clear sky
2026-08-21T10:24:58.704Z,London,18.96,clear sky
2026-08-21T12:37:38.483Z,London,20.64,clear sky
2026-08-21T14:30:07.877Z,London,20.98,broken clouds
2026-08-21T16:28:05.736Z,London,21.08,broken clouds
2026-08-21T18:30:16.818Z,London,19.5,overcast clouds
2026-08-21T20:20:37.998Z,London,15.71,overcast clouds
2026-08-21T22:19:04.521Z,London,14.66,overcast clouds
2026-08-22T00:59:40.869Z,London,14.56,scattered clouds
2026-08-22T02:50:24.480Z,London,13.28,few clouds
2026-08-22T04:28:07.403Z,London,12.12,few clouds
2026-08-22T06:32:26.298Z,London,12.49,few clouds
2026-08-22T08:23:42.590Z,London,15.99,clear sky
2026-08-22T10:17:59.663Z,London,18.91,clear sky
2026-08-22T12:30:10.946Z,London,20.64,clear sky
2026-08-22T14:17:15.121Z,London,22.24,clear sky
2026-08-22T16:18:27.378Z,London,22.15,few clouds
2026-08-22T18:22:55.764Z,London,20.55,few clouds
2026-08-22T20:17:40.341Z,London,17.9,broken clouds
2026-08-22T22:16:53.623Z,London,15.79,overcast clouds
2026-08-23T01:04:31.721Z,London,13.46,overcast clouds
2026-08-23T02:58:05.101Z,London,12.93,overcast clouds
2026-08-23T04:32:03.273Z,London,12.78,overcast clouds
2026-08-23T06:33:50.049Z,London,12.83,overcast clouds
2026-08-23T08:23:47.743Z,London,17.3,overcast clouds
2026-08-23T10:18:57.408Z,London,21.38,overcast clouds
2026-08-23T12:31:11.265Z,London,22.73,broken clouds
2026-08-23T14:18:29.755Z,London,23.86,clear sky
2026-08-23T16:19:02.823Z,London,24.27,clear sky
2026-08-23T18:22:11.368Z,London,21.99,clear sky
2026-08-23T20:17:19.419Z,London,18.45,scattered clouds
2026-08-23T22:16:56.314Z,London,17.18,few clouds
2026-08-24T01:02:20.974Z,London,14.43,overcast clouds
2026-08-24T02:58:38.959Z,London,13.25,overcast clouds
2026-08-24T04:39:38.949Z,London,12.62,overcast clouds
2026-08-24T06:50:07.826Z,London,14.18,clear sky
2026-08-24T08:42:33.144Z,London,17.98,broken clouds
